<?xml version="1.0" encoding="UTF-8"?>
<TrollAttack><area><low>1200</low><high>1299</high><filename>PeEll.xml</filename><name>PeEll's Area In Progress</name></area><room><vnum>1200</vnum><description>A sturdy wooden cabin sits on the top of a small hill.  A tingle of magic and power surrounds the entire house.</description><title>PeEll's House</title><east><vnum>1201</vnum></east><north><vnum>1202</vnum><door>open</door></north></room><room><vnum>1201</vnum><description>You enter a grand yard reaching out into the distance in every direction.  To the west is the entrance to PeEll's House, to the north is a grand forest.</description><title>PeEll's Yard</title><west><vnum>1200</vnum></west></room><room><vnum>1202</vnum><description>Inside this clean, well organized house, there is elegant leather furniture.  Against the east wall there is a stone fireplace.  To the north one can see the kitchen, to the west is a storage room, and upstairs are the bedrooms.</description><title>Inside the House</title><west><vnum>1203</vnum><door>closed</door></west><north><vnum>1204</vnum></north><south><vnum>1200</vnum><door>open</door></south><up><vnum>1205</vnum></up></room><room><vnum>1203</vnum><description>Change the title of this room by typing "rtitle &lt;new title&gt;".   Enter the description of this room by typing "rdescription &lt;description&gt;".</description><title>Storage Room</title><east><vnum>1202</vnum><door>closed</door></east><item>1200</item></room><room><vnum>1204</vnum><description>Change the title of this room by typing "rtitle &lt;new title&gt;".   Enter the description of this room by typing "rdescription &lt;description&gt;".</description><title>A Freshly Created Room</title><south><vnum>1202</vnum></south></room><room><vnum>1205</vnum><description>Change the title of this room by typing "rtitle &lt;new title&gt;".   Enter the description of this room by typing "rdescription &lt;description&gt;".</description><title>A Freshly Created Room</title><down><vnum>1202</vnum></down></room><item><vnum>1200</vnum><name>new item shiny object</name><short>a shiny object</short><long>A shiny object floats where you left it.</long><weight>1</weight><type>other</type><hitDamage>0d0,0</hitDamage></item></TrollAttack>