<?xml version="1.0" encoding="UTF-8"?>
<TrollAttack><area><low>1</low><high>100</high><filename>troll-village.xml</filename><name>The Troll Village</name></area><room><vnum>1</vnum><description>Tapestries are everywhere in this large room.   The scent of newly forged metal wafts through the air in what appears to be an entrace to a new world. The world of Lythia awaits. Type "?" or "help" to find out some of the basic commands.  When you are ready, type "east" to begin your adventure.</description><title>Main Room</title><east><vnum>2</vnum></east></room><room><vnum>2</vnum><description>The second room, this room is not as decorative as the first room, but in its lack of elegance comes efficiency.  To the east wall there is a bookcase.  In the middle of the room there is a wide table covered in weapons. A large man wearing battle regalia stands at attention, holding a large sword in his hand. He states: "Here, this may be needed on the journey ahead."  You can get the sword by typing "get sword".    </description><title>Second Room</title><east><vnum>3</vnum></east><west><vnum>1</vnum></west><item>1</item><item>1</item></room><room><vnum>3</vnum><description>Now that you have equipped yourself with some basic weapons and have familiarized yourself with some of the controls, you are ready to enter the world.  Be careful and remember to have some fun!  Comments to the creator can be sent to trollattack@mortalpowers.com</description><title>Entering The World</title><west><vnum>2</vnum></west><north><vnum>6</vnum></north><south><vnum>4</vnum></south><mobile>1</mobile><mobile>1</mobile></room><room><vnum>4</vnum><description>Tim's playhouse is the primary room of Tim's domain, which isn't saying much about Tim's domain because of the bare walls and tattered carpet.</description><title>Tim's Playhouse</title><east><vnum>5</vnum></east><north><vnum>3</vnum></north></room><room><vnum>5</vnum><description>This is Tim's den.  You may know Tim by him by his alter ego "The Duke of Awesome."  His room is sparsely decorated, save for the giant bronze statue of hisself flexing provocatively.  Upon his walls one can gaze upon a brilliant mural, capable of overwhelming one's senses and possibly even two's.</description><title>Tim's Den</title><west><vnum>4</vnum></west><mobile>3</mobile></room><room><vnum>6</vnum><description>You have entered the main adventure, from here on out exploring, roleplaying, and common sense will be your best allies as you fight demons and attempt to beter yourself in the world of TrollAttack!</description><title>Main Adventure</title><east><vnum>7</vnum></east><south><vnum>3</vnum></south></room><room><vnum>7</vnum><description>The main path branches here into three distinct trails.  The path to the north seems to take you to a large city.  The path to the east seems to take you into a grand forest.  The path to the south shall take you to what appears to be a small ocean village.  Currently all three paths are blocked by what appears to be a magical shield.</description><title>Branching Path</title><east><vnum>8</vnum></east><west><vnum>6</vnum></west><mobile>1</mobile></room><room><vnum>8</vnum><description>Just outside of the large forest to the east, you see another path leading off to the south.</description><title>Outside The Forest</title><west><vnum>7</vnum></west><south><vnum>9</vnum></south></room><room><vnum>9</vnum><description>As you enter the realm you have a strange feeling, you can sense that these realms are not happy ones. A plague upon the land. In the distance you see trolls, walking near the bodies of the dead. The scent of evil trolls is in the air.</description><title>Welcome</title><north><vnum>8</vnum></north><south><vnum>10</vnum></south></room><room><vnum>10</vnum><description>The surrounding bushes here are coated with blood. Dismembered human carcasses remain on the floor.</description><title>To The South</title><east><vnum>12</vnum></east><north><vnum>9</vnum></north><south><vnum>11</vnum></south></room><room><vnum>11</vnum><description>Numerous more carcasses litter the ground. You see small foot prints in the dirt. These footprints lead south, into the village.</description><title>Outside the Village</title><east><vnum>13</vnum></east><north><vnum>10</vnum></north><south><vnum>21</vnum></south></room><room><vnum>12</vnum><description>The inside of this cabin is filled with furniture. It is difficult to manuver from one end of the room to the other. The unlucky previous owner's remains litter the room. Need a cabin?</description><title>Small Cabin</title><west><vnum>10</vnum></west><mobile>2</mobile></room><room><vnum>13</vnum><description>A worn pathway guides the way towards the village.</description><title>North of The Village</title><east><vnum>14</vnum></east><west><vnum>11</vnum></west></room><room><vnum>14</vnum><description>A worn pathway guides the way towards the village.</description><title>North of The Village</title><west><vnum>13</vnum></west><south><vnum>15</vnum></south></room><room><vnum>15</vnum><description>The main street of this quiet city is well organized, leading to a series of shops to the south, and a large mansion to the west.</description><title>Main Street</title><west><vnum>16</vnum></west><north><vnum>14</vnum></north><south><vnum>18</vnum></south></room><room><vnum>16</vnum><description>The main street of this quiet city is well organized, leading to a series of shops to the south, and a large mansion to the west.</description><title>Main Street</title><east><vnum>15</vnum></east><west><vnum>21</vnum></west><south><vnum>17</vnum></south></room><room><vnum>17</vnum><description>null</description><title>The Baker's Emporium</title><north><vnum>16</vnum></north><mobile>5</mobile></room><room><vnum>18</vnum><description>This small room is filled with shelves containing every sort of candle stick that one could want.  The smell of all of the various candles is pleasently offensive to the senses.  A small cot can be seen in the back of the shop next to the till.</description><title>The Candle Stick Maker's Emporium</title><north><vnum>15</vnum></north><mobile>4</mobile></room><room><vnum>19</vnum><description>null</description><title>Main Street</title><east><vnum>20</vnum></east><west><vnum>15</vnum></west></room><room><vnum>20</vnum><description>null</description><title>Main Street</title><west><vnum>19</vnum></west></room><room><vnum>21</vnum><description>This square is the center of this small village.  To the east are the main shops of the village, to the west is a large mansion, and to the south are some troll homes.</description><title>Tangel Square</title><east><vnum>16</vnum></east><west><vnum>22</vnum></west><north><vnum>11</vnum></north></room><room><vnum>22</vnum><description>This clean mansion gives no indication of it's owners habits or interests.  The simplicity of the room is very unique.  Clean and uniform white tiles cover the floor, and a small rug leads the way to a wooden door to the west.</description><title>Inside The Mansion</title><east><vnum>21</vnum></east><west><vnum>23</vnum></west><south><vnum>24</vnum></south><mobile>1</mobile></room><room><vnum>23</vnum><description>Change the title of this room by typing "rtitle &lt;new title&gt;".   Enter the description of this room by typing "rdescription &lt;description".</description><title>A Freshly Created Room</title><east><vnum>22</vnum></east><west><vnum>25</vnum></west></room><room><vnum>24</vnum><description>Change the title of this room by typing "rtitle &lt;new title&gt;".   Enter the description of this room by typing "rdescription &lt;description".</description><title>A Freshly Created Room</title><north><vnum>22</vnum></north></room><room><vnum>25</vnum><description>Change the title of this room by typing "rtitle &lt;new title&gt;".   Enter the description of this room by typing "rdescription &lt;description&gt;".</description><title>A Stairwell</title><east><vnum>23</vnum></east><up><vnum>26</vnum></up></room><room><vnum>26</vnum><description>Change the title of this room by typing "rtitle &lt;new title&gt;".   Enter the description of this room by typing "rdescription &lt;description&gt;".</description><title>A Stairwell</title><east><vnum>27</vnum></east><down><vnum>25</vnum></down><west><vnum>28</vnum></west></room><room><vnum>27</vnum><description>Change the title of this room by typing "rtitle &lt;new title&gt;".   Enter the description of this room by typing "rdescription &lt;description&gt;".</description><title>Study</title><west><vnum>26</vnum></west><mobile>6</mobile></room><room><vnum>28</vnum><description>The master bedroom of this mansion is surprisingly small.  The bed is pushed against the west wall, and there is only about two feel of room on either side.  The room is a mess and there are numerous stains on the sheets.</description><title>Bedroom</title><east><vnum>26</vnum></east></room><mobile><vnum>1</vnum><name>troll</name><level>2</level><short>a troll</short><long>A giant troll lumbers about the room.</long><respawn>1</respawn><hp>20</hp><maxhp>20</maxhp><mana>0</mana><maxmana>0</maxmana><move>0</move><maxmove>0</maxmove><hitskill>100</hitskill><hitdamage>1d3,0</hitdamage></mobile><mobile><vnum>2</vnum><name>Troll Citizen</name><level>2</level><short>a troll</short><long>A troll citizen goes about his business.</long><respawn>2</respawn><hp>30</hp><maxhp>30</maxhp><mana>0</mana><maxmana>0</maxmana><move>0</move><maxmove>0</maxmove><hitskill>300</hitskill><hitdamage>1d4,0</hitdamage></mobile><mobile><vnum>3</vnum><name>Tim</name><level>10</level><short>tim</short><long>Tim the enchanter stands here.</long><respawn>5</respawn><hp>342</hp><maxhp>420</maxhp><mana>0</mana><maxmana>0</maxmana><move>0</move><maxmove>0</maxmove><hitskill>50</hitskill><hitdamage>2d7,0</hitdamage></mobile><mobile><vnum>4</vnum><name>candlestick maker</name><level>3</level><short>the candlestick maker</short><long>A fat man rests here, looking at you strangely.</long><respawn>2</respawn><hp>100</hp><maxhp>100</maxhp><mana>0</mana><maxmana>0</maxmana><move>0</move><maxmove>0</maxmove><hitskill>100</hitskill><hitdamage>1d7,0</hitdamage></mobile><mobile><vnum>5</vnum><name>baker</name><level>3</level><short>the baker</short><long>A lanky man looks furtively around him.</long><respawn>2</respawn><hp>100</hp><maxhp>100</maxhp><mana>0</mana><maxmana>0</maxmana><move>0</move><maxmove>0</maxmove><hitskill>100</hitskill><hitdamage>1d7,0</hitdamage></mobile><mobile><vnum>6</vnum><name>rich troll</name><level>1</level><short>the troll</short><long>A rich troll wearing opulent clothing</long><respawn>1</respawn><hp>250</hp><maxhp>250</maxhp><mana>0</mana><maxmana>0</maxmana><move>0</move><maxmove>0</maxmove><hitskill>200</hitskill><hitdamage>1d1,0</hitdamage></mobile><item><vnum>1</vnum><name>sword</name><short>a sword</short><long>A long and rusty sword lies here.</long><weight>40</weight><type>sword</type><hitDamage>1d3,0</hitDamage></item><item><vnum>2</vnum><name>citizen's sword</name><short>a citizen's sword</short><long>A ordinary citizen's sword sits on the ground here.</long><weight>35</weight><type>sword</type><hitDamage>2d2,0</hitDamage></item></TrollAttack>